[(1046, 10), (1048, 10), (47, 15)]
[(1158, 10), (1160, 10), (159, 15)]
[(566, 10), (568, 10), (1567, 15)]
[(1126, 10), (1128, 10), (127, 15)]
[(1303, 10), (1305, 10), (304, 15)]
[(343, 10), (345, 10), (1344, 15)]
[(1267, 10), (1269, 10), (268, 15)]
[(1454, 10), (1456, 10), (455, 15)]
[(239, 10), (241, 10), (1240, 15)]
[(979, 10), (981, 10)]
[(899, 10), (901, 10)]
[(188, 10), (190, 10), (1189, 15)]
[(334, 10), (336, 10), (1335, 15)]
[(1581, 10), (1583, 10), (582, 15)]
[(618, 10), (620, 10)]
[(990, 10), (992, 10)]
[(433, 10), (435, 10), (1434, 15)]
[(350, 10), (352, 10), (1351, 15)]
[(1076, 10), (1078, 10), (77, 15)]
[(458, 10), (460, 10), (1459, 15)]
[(101, 10), (103, 10), (1102, 15)]
[(287, 10), (289, 10), (1288, 15)]
[(1006, 10), (1008, 10), (7, 15)]
[(481, 10), (483, 10), (1482, 15)]
[(845, 10), (847, 10)]
[(933, 10), (935, 10)]
[(1141, 10), (1143, 10), (142, 15)]
[(190, 10), (192, 10), (1191, 15)]
[(881, 10), (883, 10)]
[(253, 10), (255, 10), (1254, 15)]
[(1565, 10), (1567, 10), (566, 15)]
[(1097, 10), (1099, 10), (98, 15)]
[(469, 10), (471, 10), (1470, 15)]
[(342, 10), (344, 10), (1343, 15)]
[(86, 10), (88, 10), (1087, 15)]
[(586, 10), (588, 10), (1587, 15)]
[(1402, 10), (1404, 10), (403, 15)]
[(1164, 10), (1166, 10), (165, 15)]
[(348, 10), (350, 10), (1349, 15)]
[(855, 10), (857, 10)]
[(1585, 10), (1587, 10), (586, 15)]
[(503, 10), (505, 10), (1504, 15)]
[(877, 10), (879, 10)]
[(684, 10), (686, 10)]
[(789, 10), (791, 10)]
[(1308, 10), (1310, 10), (309, 15)]
[(1100, 10), (1102, 10), (101, 15)]
[(1378, 10), (1380, 10), (379, 15)]
[(114, 10), (116, 10), (1115, 15)]
[(575, 10), (577, 10), (1576, 15)]
[(1251, 10), (1253, 10), (252, 15)]
[(650, 10), (652, 10)]
[(467, 10), (469, 10), (1468, 15)]
[(454, 10), (456, 10), (1455, 15)]
[(1410, 10), (1412, 10), (411, 15)]
[(115, 10), (117, 10), (1116, 15)]
[(994, 10), (996, 10)]
[(1341, 10), (1343, 10), (342, 15)]
[(1108, 10), (1110, 10), (109, 15)]
[(109, 10), (111, 10), (1110, 15)]
[(1469, 10), (1471, 10), (470, 15)]
[(349, 10), (351, 10), (1350, 15)]
[(1039, 10), (1041, 10), (40, 15)]
[(195, 10), (197, 10), (1196, 15)]
[(1470, 10), (1472, 10), (471, 15)]
[(363, 10), (365, 10), (1364, 15)]
[(632, 10), (634, 10)]
[(335, 10), (337, 10), (1336, 15)]
[(860, 10), (862, 10)]
[(485, 10), (487, 10), (1486, 15)]
[(1215, 10), (1217, 10), (216, 15)]
[(549, 10), (551, 10), (1550, 15)]
[(173, 10), (175, 10), (1174, 15)]
[(588, 10), (590, 10), (1589, 15)]
[(140, 10), (142, 10), (1141, 15)]
[(1032, 10), (1034, 10), (33, 15)]
[(516, 10), (518, 10), (1517, 15)]
[(125, 10), (127, 10), (1126, 15)]
[(513, 10), (515, 10), (1514, 15)]
[(1122, 10), (1124, 10), (123, 15)]
[(333, 10), (335, 10), (1334, 15)]
[(23, 10), (25, 10), (1024, 15)]
[(367, 10), (369, 10), (1368, 15)]
[(391, 10), (393, 10), (1392, 15)]
[(695, 10), (697, 10)]
[(792, 10), (794, 10)]
[(1291, 10), (1293, 10), (292, 15)]
[(1281, 10), (1283, 10), (282, 15)]
[(704, 10), (706, 10)]
[(179, 10), (181, 10), (1180, 15)]
[(1101, 10), (1103, 10), (102, 15)]
[(1116, 10), (1118, 10), (117, 15)]
[(527, 10), (529, 10), (1528, 15)]
[(580, 10), (582, 10), (1581, 15)]
[(1477, 10), (1479, 10), (478, 15)]
[(377, 10), (379, 10), (1378, 15)]
[(1226, 10), (1228, 10), (227, 15)]
[(770, 10), (772, 10)]
[(656, 10), (658, 10)]
[(1588, 10), (1590, 10), (589, 15)]
[(1522, 10), (1524, 10), (523, 15)]
[(1069, 10), (1071, 10), (70, 15)]
[(1093, 10), (1095, 10), (94, 15)]
[(1405, 10), (1407, 10), (406, 15)]
[(1160, 10), (1162, 10), (161, 15)]
[(1361, 10), (1363, 10), (362, 15)]
[(1050, 10), (1052, 10), (51, 15)]
[(1117, 10), (1119, 10), (118, 15)]
[(1465, 10), (1467, 10), (466, 15)]
[(1451, 10), (1453, 10), (452, 15)]
[(403, 10), (405, 10), (1404, 15)]
[(1337, 10), (1339, 10), (338, 15)]
[(1539, 10), (1541, 10), (540, 15)]
[(515, 10), (517, 10), (1516, 15)]
[(1543, 10), (1545, 10), (544, 15)]
[(1240, 10), (1242, 10), (241, 15)]
[(965, 10), (967, 10)]
[(1495, 10), (1497, 10), (496, 15)]
[(821, 10), (823, 10)]
[(654, 10), (656, 10)]
[(668, 10), (670, 10)]
[(1020, 10), (1022, 10), (21, 15)]
[(573, 10), (575, 10), (1574, 15)]
[(1067, 10), (1069, 10), (68, 15)]
[(150, 10), (152, 10), (1151, 15)]
[(1511, 10), (1513, 10), (512, 15)]
[(7, 10), (9, 10), (1008, 15)]
[(661, 10), (663, 10)]
[(1249, 10), (1251, 10), (250, 15)]
[(625, 10), (627, 10)]
[(901, 10), (903, 10)]
[(1071, 10), (1073, 10), (72, 15)]
[(1516, 10), (1518, 10), (517, 15)]
[(95, 10), (97, 10), (1096, 15)]
[(1456, 10), (1458, 10), (457, 15)]
[(1527, 10), (1529, 10), (528, 15)]
[(211, 10), (213, 10), (1212, 15)]
[(472, 10), (474, 10), (1473, 15)]
[(271, 10), (273, 10), (1272, 15)]
[(216, 10), (218, 10), (1217, 15)]
[(192, 10), (194, 10), (1193, 15)]
[(1176, 10), (1178, 10), (177, 15)]
[(225, 10), (227, 10), (1226, 15)]
[(837, 10), (839, 10)]
[(910, 10), (912, 10)]
[(1195, 10), (1197, 10), (196, 15)]
[(1380, 10), (1382, 10), (381, 15)]
[(1033, 10), (1035, 10), (34, 15)]
[(911, 10), (913, 10)]
[(31, 10), (33, 10), (1032, 15)]
[(143, 10), (145, 10), (1144, 15)]
[(1004, 10), (1006, 10), (5, 15)]
[(930, 10), (932, 10)]
[(1217, 10), (1219, 10), (218, 15)]
[(133, 10), (135, 10), (1134, 15)]
[(218, 10), (220, 10), (1219, 15)]
[(1375, 10), (1377, 10), (376, 15)]
[(648, 10), (650, 10)]
[(274, 10), (276, 10), (1275, 15)]
[(1323, 10), (1325, 10), (324, 15)]
[(1444, 10), (1446, 10), (445, 15)]
[(104, 10), (106, 10), (1105, 15)]
[(1114, 10), (1116, 10), (115, 15)]
[(1443, 10), (1445, 10), (444, 15)]
[(620, 10), (622, 10)]
[(928, 10), (930, 10)]
[(745, 10), (747, 10)]
[(622, 10), (624, 10)]
[(1094, 10), (1096, 10), (95, 15)]
[(836, 10), (838, 10)]
[(1159, 10), (1161, 10), (160, 15)]
[(63, 10), (65, 10), (1064, 15)]
[(295, 10), (297, 10), (1296, 15)]
[(196, 10), (198, 10), (1197, 15)]
[(1266, 10), (1268, 10), (267, 15)]
[(376, 10), (378, 10), (1377, 15)]
[(401, 10), (403, 10), (1402, 15)]
[(671, 10), (673, 10)]
[(1489, 10), (1491, 10), (490, 15)]
[(1428, 10), (1430, 10), (429, 15)]
[(123, 10), (125, 10), (1124, 15)]
[(1056, 10), (1058, 10), (57, 15)]
[(73, 10), (75, 10), (1074, 15)]
[(623, 10), (625, 10)]
[(482, 10), (484, 10), (1483, 15)]
[(408, 10), (410, 10), (1409, 15)]
[(492, 10), (494, 10), (1493, 15)]
[(1532, 10), (1534, 10), (533, 15)]
[(305, 10), (307, 10), (1306, 15)]
[(1183, 10), (1185, 10), (184, 15)]
[(942, 10), (944, 10)]
[(1439, 10), (1441, 10), (440, 15)]
[(507, 10), (509, 10), (1508, 15)]
[(552, 10), (554, 10), (1553, 15)]
[(1136, 10), (1138, 10), (137, 15)]
[(438, 10), (440, 10), (1439, 15)]
[(331, 10), (333, 10), (1332, 15)]
[(1306, 10), (1308, 10), (307, 15)]
[(733, 10), (735, 10)]
[(962, 10), (964, 10)]
[(509, 10), (511, 10), (1510, 15)]
[(1254, 10), (1256, 10), (255, 15)]
[(424, 10), (426, 10), (1425, 15)]
[(1549, 10), (1551, 10), (550, 15)]
[(1498, 10), (1500, 10), (499, 15)]
[(1367, 10), (1369, 10), (368, 15)]
[(793, 10), (795, 10)]
[(340, 10), (342, 10), (1341, 15)]
[(727, 10), (729, 10)]
[(1448, 10), (1450, 10), (449, 15)]
[(214, 10), (216, 10), (1215, 15)]
[(1356, 10), (1358, 10), (357, 15)]
[(439, 10), (441, 10), (1440, 15)]
[(1519, 10), (1521, 10), (520, 15)]
[(1075, 10), (1077, 10), (76, 15)]
[(1127, 10), (1129, 10), (128, 15)]
[(1206, 10), (1208, 10), (207, 15)]
[(805, 10), (807, 10)]
[(1474, 10), (1476, 10), (475, 15)]
[(1352, 10), (1354, 10), (353, 15)]
[(374, 10), (376, 10), (1375, 15)]
[(857, 10), (859, 10)]
[(459, 10), (461, 10), (1460, 15)]
[(1174, 10), (1176, 10), (175, 15)]
[(127, 10), (129, 10), (1128, 15)]
[(1145, 10), (1147, 10), (146, 15)]
[(1144, 10), (1146, 10), (145, 15)]
[(243, 10), (245, 10), (1244, 15)]
[(669, 10), (671, 10)]
[(242, 10), (244, 10), (1243, 15)]
[(1331, 10), (1333, 10), (332, 15)]
[(642, 10), (644, 10)]
[(1216, 10), (1218, 10), (217, 15)]
[(589, 10), (591, 10), (1590, 15)]
[(926, 10), (928, 10)]
[(1242, 10), (1244, 10), (243, 15)]
[(1139, 10), (1141, 10), (140, 15)]
[(816, 10), (818, 10)]
[(686, 10), (688, 10)]
[(641, 10), (643, 10)]
[(646, 10), (648, 10)]
[(774, 10), (776, 10)]
[(920, 10), (922, 10)]
[(25, 10), (27, 10), (1026, 15)]
[(1051, 10), (1053, 10), (52, 15)]
[(67, 10), (69, 10), (1068, 15)]
[(441, 10), (443, 10), (1442, 15)]
[(1243, 10), (1245, 10), (244, 15)]
[(26, 10), (28, 10), (1027, 15)]
[(687, 10), (689, 10)]
[(923, 10), (925, 10)]
[(41, 10), (43, 10), (1042, 15)]
[(147, 10), (149, 10), (1148, 15)]
[(1241, 10), (1243, 10), (242, 15)]
[(230, 10), (232, 10), (1231, 15)]
[(1058, 10), (1060, 10), (59, 15)]
[(1237, 10), (1239, 10), (238, 15)]
[(1259, 10), (1261, 10), (260, 15)]
[(1412, 10), (1414, 10), (413, 15)]
[(526, 10), (528, 10), (1527, 15)]
[(559, 10), (561, 10), (1560, 15)]
[(1395, 10), (1397, 10), (396, 15)]
[(493, 10), (495, 10), (1494, 15)]
[(970, 10), (972, 10)]
[(483, 10), (485, 10), (1484, 15)]
[(1268, 10), (1270, 10), (269, 15)]
[(149, 10), (151, 10), (1150, 15)]
[(597, 10), (599, 10), (1598, 15)]
[(1118, 10), (1120, 10), (119, 15)]
[(426, 10), (428, 10), (1427, 15)]
[(105, 10), (107, 10), (1106, 15)]
[(730, 10), (732, 10)]
[(1545, 10), (1547, 10), (546, 15)]
[(959, 10), (961, 10)]
[(1310, 10), (1312, 10), (311, 15)]
[(371, 10), (373, 10), (1372, 15)]
[(399, 10), (401, 10), (1400, 15)]
[(70, 10), (72, 10), (1071, 15)]
[(224, 10), (226, 10), (1225, 15)]
[(1269, 10), (1271, 10), (270, 15)]
[(366, 10), (368, 10), (1367, 15)]
[(872, 10), (874, 10)]
[(50, 10), (52, 10), (1051, 15)]
[(621, 10), (623, 10)]
[(1371, 10), (1373, 10), (372, 15)]
[(903, 10), (905, 10)]
[(1161, 10), (1163, 10), (162, 15)]
[(529, 10), (531, 10), (1530, 15)]
[(560, 10), (562, 10), (1561, 15)]
[(750, 10), (752, 10)]
[(909, 10), (911, 10)]
[(1307, 10), (1309, 10), (308, 15)]
[(803, 10), (805, 10)]
[(941, 10), (943, 10)]
[(707, 10), (709, 10)]
[(525, 10), (527, 10), (1526, 15)]
[(372, 10), (374, 10), (1373, 15)]
[(1288, 10), (1290, 10), (289, 15)]
[(402, 10), (404, 10), (1403, 15)]
[(64, 10), (66, 10), (1065, 15)]
[(1473, 10), (1475, 10), (474, 15)]
[(409, 10), (411, 10), (1410, 15)]
[(694, 10), (696, 10)]
[(445, 10), (447, 10), (1446, 15)]
[(681, 10), (683, 10)]
[(1015, 10), (1017, 10), (16, 15)]
[(497, 10), (499, 10), (1498, 15)]
[(1411, 10), (1413, 10), (412, 15)]
[(476, 10), (478, 10), (1477, 15)]
[(633, 10), (635, 10)]
[(917, 10), (919, 10)]
[(539, 10), (541, 10), (1540, 15)]
[(151, 10), (153, 10), (1152, 15)]
[(244, 10), (246, 10), (1245, 15)]
[(782, 10), (784, 10)]
[(626, 10), (628, 10)]
[(1198, 10), (1200, 10), (199, 15)]
[(1274, 10), (1276, 10), (275, 15)]
[(751, 10), (753, 10)]
[(715, 10), (717, 10)]
[(355, 10), (357, 10), (1356, 15)]
[(364, 10), (366, 10), (1365, 15)]
[(232, 10), (234, 10), (1233, 15)]
[(19, 10), (21, 10), (1020, 15)]
[(1287, 10), (1289, 10), (288, 15)]
[(286, 10), (288, 10), (1287, 15)]
[(280, 10), (282, 10), (1281, 15)]
[(1105, 10), (1107, 10), (106, 15)]
[(988, 10), (990, 10)]
[(1210, 10), (1212, 10), (211, 15)]
[(1413, 10), (1415, 10), (414, 15)]
[(128, 10), (130, 10), (1129, 15)]
[(200, 10), (202, 10), (1201, 15)]
[(1354, 10), (1356, 10), (355, 15)]
[(558, 10), (560, 10), (1559, 15)]
[(655, 10), (657, 10)]
[(1464, 10), (1466, 10), (465, 15)]
[(254, 10), (256, 10), (1255, 15)]
[(1053, 10), (1055, 10), (54, 15)]
[(1394, 10), (1396, 10), (395, 15)]
[(327, 10), (329, 10), (1328, 15)]
[(314, 10), (316, 10), (1315, 15)]
[(1311, 10), (1313, 10), (312, 15)]
[(236, 10), (238, 10), (1237, 15)]
[(1328, 10), (1330, 10), (329, 15)]
[(843, 10), (845, 10)]
[(1185, 10), (1187, 10), (186, 15)]
[(1142, 10), (1144, 10), (143, 15)]
[(1224, 10), (1226, 10), (225, 15)]
[(4, 10), (6, 10), (1005, 15)]
[(995, 10), (997, 10)]
[(1562, 10), (1564, 10), (563, 15)]
[(1245, 10), (1247, 10), (246, 15)]
[(1506, 10), (1508, 10), (507, 15)]
[(989, 10), (991, 10)]
[(814, 10), (816, 10)]
[(1049, 10), (1051, 10), (50, 15)]
[(329, 10), (331, 10), (1330, 15)]
[(319, 10), (321, 10), (1320, 15)]
[(1514, 10), (1516, 10), (515, 15)]
[(1005, 10), (1007, 10), (6, 15)]
[(111, 10), (113, 10), (1112, 15)]
[(564, 10), (566, 10), (1565, 15)]
[(898, 10), (900, 10)]
[(651, 10), (653, 10)]
[(1212, 10), (1214, 10), (213, 15)]
[(1120, 10), (1122, 10), (121, 15)]
[(57, 10), (59, 10), (1058, 15)]
[(1177, 10), (1179, 10), (178, 15)]
[(691, 10), (693, 10)]
[(78, 10), (80, 10), (1079, 15)]
[(1382, 10), (1384, 10), (383, 15)]
[(346, 10), (348, 10), (1347, 15)]
[(40, 10), (42, 10), (1041, 15)]
[(1409, 10), (1411, 10), (410, 15)]
[(968, 10), (970, 10)]
[(1213, 10), (1215, 10), (214, 15)]
[(521, 10), (523, 10), (1522, 15)]
[(36, 10), (38, 10), (1037, 15)]
[(518, 10), (520, 10), (1519, 15)]
[(1221, 10), (1223, 10), (222, 15)]
[(379, 10), (381, 10), (1380, 15)]
[(896, 10), (898, 10)]
[(16, 10), (18, 10), (1017, 15)]
[(435, 10), (437, 10), (1436, 15)]
[(421, 10), (423, 10), (1422, 15)]
[(452, 10), (454, 10), (1453, 15)]
[(647, 10), (649, 10)]
[(659, 10), (661, 10)]
[(606, 10), (608, 10)]
[(545, 10), (547, 10), (1546, 15)]
[(869, 10), (871, 10)]
[(1446, 10), (1448, 10), (447, 15)]
[(248, 10), (250, 10), (1249, 15)]
[(1385, 10), (1387, 10), (386, 15)]
[(504, 10), (506, 10), (1505, 15)]
[(1277, 10), (1279, 10), (278, 15)]
[(1536, 10), (1538, 10), (537, 15)]
[(473, 10), (475, 10), (1474, 15)]
[(775, 10), (777, 10)]
[(850, 10), (852, 10)]
[(265, 10), (267, 10), (1266, 15)]
[(912, 10), (914, 10)]
[(1556, 10), (1558, 10), (557, 15)]
[(1072, 10), (1074, 10), (73, 15)]
[(1260, 10), (1262, 10), (261, 15)]
[(209, 10), (211, 10), (1210, 15)]
[(288, 10), (290, 10), (1289, 15)]
[(263, 10), (265, 10), (1264, 15)]
[(807, 10), (809, 10)]
[(1587, 10), (1589, 10), (588, 15)]
[(592, 10), (594, 10), (1593, 15)]
[(1431, 10), (1433, 10), (432, 15)]
[(1218, 10), (1220, 10), (219, 15)]
[(680, 10), (682, 10)]
[(667, 10), (669, 10)]
[(607, 10), (609, 10)]
[(1250, 10), (1252, 10), (251, 15)]
[(1175, 10), (1177, 10), (176, 15)]
[(777, 10), (779, 10)]
[(112, 10), (114, 10), (1113, 15)]
[(998, 10)]
[(737, 10), (739, 10)]
[(1512, 10), (1514, 10), (513, 15)]
[(325, 10), (327, 10), (1326, 15)]
[(1187, 10), (1189, 10), (188, 15)]
[(494, 10), (496, 10), (1495, 15)]
[(1461, 10), (1463, 10), (462, 15)]
[(178, 10), (180, 10), (1179, 15)]
[(677, 10), (679, 10)]
[(1440, 10), (1442, 10), (441, 15)]
[(1052, 10), (1054, 10), (53, 15)]
[(935, 10), (937, 10)]
[(191, 10), (193, 10), (1192, 15)]
[(924, 10), (926, 10)]
[(581, 10), (583, 10), (1582, 15)]
[(480, 10), (482, 10), (1481, 15)]
[(380, 10), (382, 10), (1381, 15)]
[(657, 10), (659, 10)]
[(1491, 10), (1493, 10), (492, 15)]
[(906, 10), (908, 10)]
[(812, 10), (814, 10)]
[(1205, 10), (1207, 10), (206, 15)]
[(1199, 10), (1201, 10), (200, 15)]
[(984, 10), (986, 10)]
[(352, 10), (354, 10), (1353, 15)]
[(306, 10), (308, 10), (1307, 15)]
[(444, 10), (446, 10), (1445, 15)]
[(430, 10), (432, 10), (1431, 15)]
[(532, 10), (534, 10), (1533, 15)]
[(1595, 10), (1597, 10), (596, 15)]
[(119, 10), (121, 10), (1120, 15)]
[(447, 10), (449, 10), (1448, 15)]
[(1227, 10), (1229, 10), (228, 15)]
[(591, 10), (593, 10), (1592, 15)]
[(1089, 10), (1091, 10), (90, 15)]
[(889, 10), (891, 10)]
[(1166, 10), (1168, 10), (167, 15)]
[(1041, 10), (1043, 10), (42, 15)]
[(976, 10), (978, 10)]
[(1497, 10), (1499, 10), (498, 15)]
[(206, 10), (208, 10), (1207, 15)]
[(1214, 10), (1216, 10), (215, 15)]
[(1133, 10), (1135, 10), (134, 15)]
[(142, 10), (144, 10), (1143, 15)]
[(953, 10), (955, 10)]
[(1467, 10), (1469, 10), (468, 15)]
[(502, 10), (504, 10), (1503, 15)]
[(261, 10), (263, 10), (1262, 15)]
[(825, 10), (827, 10)]
[(1, 10), (1000, 15)]
[(938, 10), (940, 10)]
[(723, 10), (725, 10)]
[(223, 10), (225, 10), (1224, 15)]
[(1019, 10), (1021, 10), (20, 15)]
[(1040, 10), (1042, 10), (41, 15)]
[(35, 10), (37, 10), (1036, 15)]
[(495, 10), (497, 10), (1496, 15)]
[(1435, 10), (1437, 10), (436, 15)]
[(1309, 10), (1311, 10), (310, 15)]
[(1542, 10), (1544, 10), (543, 15)]
[(948, 10), (950, 10)]
[(158, 10), (160, 10), (1159, 15)]
[(215, 10), (217, 10), (1216, 15)]
[(1196, 10), (1198, 10), (197, 15)]
[(1592, 10), (1594, 10), (593, 15)]
[(1351, 10), (1353, 10), (352, 15)]
[(1239, 10), (1241, 10), (240, 15)]
[(714, 10), (716, 10)]
[(60, 10), (62, 10), (1061, 15)]
[(846, 10), (848, 10)]
[(260, 10), (262, 10), (1261, 15)]
[(859, 10), (861, 10)]
[(638, 10), (640, 10)]
[(712, 10), (714, 10)]
[(1546, 10), (1548, 10), (547, 15)]
[(1521, 10), (1523, 10), (522, 15)]
[(660, 10), (662, 10)]
[(1107, 10), (1109, 10), (108, 15)]
[(639, 10), (641, 10)]
[(180, 10), (182, 10), (1181, 15)]
[(407, 10), (409, 10), (1408, 15)]
[(683, 10), (685, 10)]
[(542, 10), (544, 10), (1543, 15)]
[(1526, 10), (1528, 10), (527, 15)]
[(28, 10), (30, 10), (1029, 15)]
[(1220, 10), (1222, 10), (221, 15)]
[(927, 10), (929, 10)]
[(1570, 10), (1572, 10), (571, 15)]
[(705, 10), (707, 10)]
[(849, 10), (851, 10)]
[(972, 10), (974, 10)]
[(328, 10), (330, 10), (1329, 15)]
[(1433, 10), (1435, 10), (434, 15)]
[(813, 10), (815, 10)]
[(866, 10), (868, 10)]
[(973, 10), (975, 10)]
[(925, 10), (927, 10)]
[(587, 10), (589, 10), (1588, 15)]
[(416, 10), (418, 10), (1417, 15)]
[(544, 10), (546, 10), (1545, 15)]
[(234, 10), (236, 10), (1235, 15)]
[(1345, 10), (1347, 10), (346, 15)]
[(885, 10), (887, 10)]
[(1258, 10), (1260, 10), (259, 15)]
[(1386, 10), (1388, 10), (387, 15)]
[(1462, 10), (1464, 10), (463, 15)]
[(347, 10), (349, 10), (1348, 15)]
[(1336, 10), (1338, 10), (337, 15)]
[(1088, 10), (1090, 10), (89, 15)]
[(815, 10), (817, 10)]
[(698, 10), (700, 10)]
[(1383, 10), (1385, 10), (384, 15)]
[(711, 10), (713, 10)]
[(1482, 10), (1484, 10), (483, 15)]
[(1064, 10), (1066, 10), (65, 15)]
[(858, 10), (860, 10)]
[(1000, 10), (1002, 10), (1, 15)]
[(1285, 10), (1287, 10), (286, 15)]
[(1576, 10), (1578, 10), (577, 15)]
[(390, 10), (392, 10), (1391, 15)]
[(856, 10), (858, 10)]
[(71, 10), (73, 10), (1072, 15)]
[(11, 10), (13, 10), (1012, 15)]
[(1140, 10), (1142, 10), (141, 15)]
[(33, 10), (35, 10), (1034, 15)]
[(1083, 10), (1085, 10), (84, 15)]
[(155, 10), (157, 10), (1156, 15)]
[(486, 10), (488, 10), (1487, 15)]
[(1407, 10), (1409, 10), (408, 15)]
[(394, 10), (396, 10), (1395, 15)]
[(1589, 10), (1591, 10), (590, 15)]
[(702, 10), (704, 10)]
[(576, 10), (578, 10), (1577, 15)]
[(1580, 10), (1582, 10), (581, 15)]
[(791, 10), (793, 10)]
[(783, 10), (785, 10)]
[(1360, 10), (1362, 10), (361, 15)]
[(118, 10), (120, 10), (1119, 15)]
[(1302, 10), (1304, 10), (303, 15)]
[(1162, 10), (1164, 10), (163, 15)]
[(1054, 10), (1056, 10), (55, 15)]
[(443, 10), (445, 10), (1444, 15)]
[(1372, 10), (1374, 10), (373, 15)]
[(832, 10), (834, 10)]
[(993, 10), (995, 10)]
[(1286, 10), (1288, 10), (287, 15)]
[(1007, 10), (1009, 10), (8, 15)]
[(134, 10), (136, 10), (1135, 15)]
[(45, 10), (47, 10), (1046, 15)]
[(602, 10), (604, 10)]
[(456, 10), (458, 10), (1457, 15)]
[(894, 10), (896, 10)]
[(908, 10), (910, 10)]
[(1284, 10), (1286, 10), (285, 15)]
[(524, 10), (526, 10), (1525, 15)]
[(1191, 10), (1193, 10), (192, 15)]
[(883, 10), (885, 10)]
[(475, 10), (477, 10), (1476, 15)]
[(640, 10), (642, 10)]
[(1096, 10), (1098, 10), (97, 15)]
[(321, 10), (323, 10), (1322, 15)]
[(1369, 10), (1371, 10), (370, 15)]
[(298, 10), (300, 10), (1299, 15)]
[(455, 10), (457, 10), (1456, 15)]
[(152, 10), (154, 10), (1153, 15)]
[(1434, 10), (1436, 10), (435, 15)]
[(1596, 10), (1598, 10), (597, 15)]
[(891, 10), (893, 10)]
[(106, 10), (108, 10), (1107, 15)]
[(1324, 10), (1326, 10), (325, 15)]
[(14, 10), (16, 10), (1015, 15)]
[(43, 10), (45, 10), (1044, 15)]
[(153, 10), (155, 10), (1154, 15)]
[(383, 10), (385, 10), (1384, 15)]
[(275, 10), (277, 10), (1276, 15)]
[(49, 10), (51, 10), (1050, 15)]
[(713, 10), (715, 10)]
[(1018, 10), (1020, 10), (19, 15)]
[(117, 10), (119, 10), (1118, 15)]
[(279, 10), (281, 10), (1280, 15)]
[(535, 10), (537, 10), (1536, 15)]
[(969, 10), (971, 10)]
[(1453, 10), (1455, 10), (454, 15)]
[(411, 10), (413, 10), (1412, 15)]
[(1417, 10), (1419, 10), (418, 15)]
[(193, 10), (195, 10), (1194, 15)]
[(624, 10), (626, 10)]
[(952, 10), (954, 10)]
[(450, 10), (452, 10), (1451, 15)]
[(273, 10), (275, 10), (1274, 15)]
[(1087, 10), (1089, 10), (88, 15)]
[(1343, 10), (1345, 10), (344, 15)]
[(708, 10), (710, 10)]
[(1149, 10), (1151, 10), (150, 15)]
[(18, 10), (20, 10), (1019, 15)]
[(663, 10), (665, 10)]
[(154, 10), (156, 10), (1155, 15)]
[(1533, 10), (1535, 10), (534, 15)]
[(601, 10), (603, 10)]
[(39, 10), (41, 10), (1040, 15)]
[(512, 10), (514, 10), (1513, 15)]
[(141, 10), (143, 10), (1142, 15)]
[(1168, 10), (1170, 10), (169, 15)]
[(1403, 10), (1405, 10), (404, 15)]
[(974, 10), (976, 10)]
[(808, 10), (810, 10)]
[(1572, 10), (1574, 10), (573, 15)]
[(1085, 10), (1087, 10), (86, 15)]
[(752, 10), (754, 10)]
[(1384, 10), (1386, 10), (385, 15)]
[(1044, 10), (1046, 10), (45, 15)]
[(717, 10), (719, 10)]
[(801, 10), (803, 10)]
[(934, 10), (936, 10)]
[(1406, 10), (1408, 10), (407, 15)]
[(936, 10), (938, 10)]
[(888, 10), (890, 10)]
[(451, 10), (453, 10), (1452, 15)]
[(778, 10), (780, 10)]
[(1262, 10), (1264, 10), (263, 15)]
[(21, 10), (23, 10), (1022, 15)]
[(249, 10), (251, 10), (1250, 15)]
[(1359, 10), (1361, 10), (360, 15)]
[(1312, 10), (1314, 10), (313, 15)]
[(1045, 10), (1047, 10), (46, 15)]
[(1008, 10), (1010, 10), (9, 15)]
[(1001, 10), (0, 15)]
[(1234, 10), (1236, 10), (235, 15)]
[(1013, 10), (1015, 10), (14, 15)]
[(270, 10), (272, 10), (1271, 15)]
[(1355, 10), (1357, 10), (356, 15)]
[(316, 10), (318, 10), (1317, 15)]
[(758, 10), (760, 10)]
[(779, 10), (781, 10)]
[(1486, 10), (1488, 10), (487, 15)]
[(1079, 10), (1081, 10), (80, 15)]
[(1017, 10), (1019, 10), (18, 15)]
[(1068, 10), (1070, 10), (69, 15)]
[(1510, 10), (1512, 10), (511, 15)]
[(719, 10), (721, 10)]
[(666, 10), (668, 10)]
[(697, 10), (699, 10)]
[(170, 10), (172, 10), (1171, 15)]
[(950, 10), (952, 10)]
[(400, 10), (402, 10), (1401, 15)]
[(780, 10), (782, 10)]
[(1153, 10), (1155, 10), (154, 15)]
[(1313, 10), (1315, 10), (314, 15)]
[(1370, 10), (1372, 10), (371, 15)]
[(1129, 10), (1131, 10), (130, 15)]
[(1534, 10), (1536, 10), (535, 15)]
[(662, 10), (664, 10)]
[(1113, 10), (1115, 10), (114, 15)]
[(635, 10), (637, 10)]
[(1404, 10), (1406, 10), (405, 15)]
[(983, 10), (985, 10)]
[(1197, 10), (1199, 10), (198, 15)]
[(1517, 10), (1519, 10), (518, 15)]
[(129, 10), (131, 10), (1130, 15)]
[(1201, 10), (1203, 10), (202, 15)]
[(52, 10), (54, 10), (1053, 15)]
[(1429, 10), (1431, 10), (430, 15)]
[(297, 10), (299, 10), (1298, 15)]
[(1396, 10), (1398, 10), (397, 15)]
[(146, 10), (148, 10), (1147, 15)]
[(674, 10), (676, 10)]
[(296, 10), (298, 10), (1297, 15)]
[(326, 10), (328, 10), (1327, 15)]
[(1236, 10), (1238, 10), (237, 15)]
[(370, 10), (372, 10), (1371, 15)]
[(414, 10), (416, 10), (1415, 15)]
[(1339, 10), (1341, 10), (340, 15)]
[(1577, 10), (1579, 10), (578, 15)]
[(207, 10), (209, 10), (1208, 15)]
[(266, 10), (268, 10), (1267, 15)]
[(1513, 10), (1515, 10), (514, 15)]
[(839, 10), (841, 10)]
[(124, 10), (126, 10), (1125, 15)]
[(1121, 10), (1123, 10), (122, 15)]
[(619, 10), (621, 10)]
[(937, 10), (939, 10)]
[(955, 10), (957, 10)]
[(900, 10), (902, 10)]
[(1340, 10), (1342, 10), (341, 15)]
[(1400, 10), (1402, 10), (401, 15)]
[(100, 10), (102, 10), (1101, 15)]
[(27, 10), (29, 10), (1028, 15)]
[(396, 10), (398, 10), (1397, 15)]
[(679, 10), (681, 10)]
[(1247, 10), (1249, 10), (248, 15)]
[(98, 10), (100, 10), (1099, 15)]
[(1078, 10), (1080, 10), (79, 15)]
[(208, 10), (210, 10), (1209, 15)]
[(332, 10), (334, 10), (1333, 15)]
[(1027, 10), (1029, 10), (28, 15)]
[(546, 10), (548, 10), (1547, 15)]
[(809, 10), (811, 10)]
[(940, 10), (942, 10)]
[(561, 10), (563, 10), (1562, 15)]
[(699, 10), (701, 10)]
[(1593, 10), (1595, 10), (594, 15)]
[(162, 10), (164, 10), (1163, 15)]
[(919, 10), (921, 10)]
[(637, 10), (639, 10)]
[(1180, 10), (1182, 10), (181, 15)]
[(823, 10), (825, 10)]
[(824, 10), (826, 10)]
[(34, 10), (36, 10), (1035, 15)]
[(85, 10), (87, 10), (1086, 15)]
[(53, 10), (55, 10), (1054, 15)]
[(1163, 10), (1165, 10), (164, 15)]
[(613, 10), (615, 10)]
[(381, 10), (383, 10), (1382, 15)]
[(1554, 10), (1556, 10), (555, 15)]
[(788, 10), (790, 10)]
[(1264, 10), (1266, 10), (265, 15)]
[(373, 10), (375, 10), (1374, 15)]
[(932, 10), (934, 10)]
[(61, 10), (63, 10), (1062, 15)]
[(96, 10), (98, 10), (1097, 15)]
[(1466, 10), (1468, 10), (467, 15)]
[(747, 10), (749, 10)]
[(336, 10), (338, 10), (1337, 15)]
[(945, 10), (947, 10)]
[(1128, 10), (1130, 10), (129, 15)]
[(1538, 10), (1540, 10), (539, 15)]
[(1426, 10), (1428, 10), (427, 15)]
[(1062, 10), (1064, 10), (63, 15)]
[(1179, 10), (1181, 10), (180, 15)]
[(404, 10), (406, 10), (1405, 15)]
[(1374, 10), (1376, 10), (375, 15)]
[(369, 10), (371, 10), (1370, 15)]
[(132, 10), (134, 10), (1133, 15)]
[(58, 10), (60, 10), (1059, 15)]
[(356, 10), (358, 10), (1357, 15)]
[(786, 10), (788, 10)]
[(734, 10), (736, 10)]
[(1106, 10), (1108, 10), (107, 15)]
[(1265, 10), (1267, 10), (266, 15)]
[(604, 10), (606, 10)]
[(229, 10), (231, 10), (1230, 15)]
[(272, 10), (274, 10), (1273, 15)]
[(756, 10), (758, 10)]
[(1553, 10), (1555, 10), (554, 15)]
[(1568, 10), (1570, 10), (569, 15)]
[(1507, 10), (1509, 10), (508, 15)]
[(1188, 10), (1190, 10), (189, 15)]
[(1002, 10), (1004, 10), (3, 15)]
[(754, 10), (756, 10)]
[(1182, 10), (1184, 10), (183, 15)]
[(578, 10), (580, 10), (1579, 15)]
[(1246, 10), (1248, 10), (247, 15)]
[(603, 10), (605, 10)]
[(1449, 10), (1451, 10), (450, 15)]
[(1146, 10), (1148, 10), (147, 15)]
[(610, 10), (612, 10)]
[(547, 10), (549, 10), (1548, 15)]
[(963, 10), (965, 10)]
[(716, 10), (718, 10)]
[(871, 10), (873, 10)]
[(425, 10), (427, 10), (1426, 15)]
[(15, 10), (17, 10), (1016, 15)]
[(103, 10), (105, 10), (1104, 15)]
[(569, 10), (571, 10), (1570, 15)]
[(357, 10), (359, 10), (1358, 15)]
[(284, 10), (286, 10), (1285, 15)]
[(1025, 10), (1027, 10), (26, 15)]
[(949, 10), (951, 10)]
[(536, 10), (538, 10), (1537, 15)]
[(710, 10), (712, 10)]
[(1335, 10), (1337, 10), (336, 15)]
[(205, 10), (207, 10), (1206, 15)]
[(772, 10), (774, 10)]
[(810, 10), (812, 10)]
[(865, 10), (867, 10)]
[(1418, 10), (1420, 10), (419, 15)]
[(1480, 10), (1482, 10), (481, 15)]
[(944, 10), (946, 10)]
[(463, 10), (465, 10), (1464, 15)]
[(267, 10), (269, 10), (1268, 15)]
[(276, 10), (278, 10), (1277, 15)]
[(1228, 10), (1230, 10), (229, 15)]
[(2, 10), (4, 10), (1003, 15)]
[(436, 10), (438, 10), (1437, 15)]
[(1327, 10), (1329, 10), (328, 15)]
[(1061, 10), (1063, 10), (62, 15)]
[(1231, 10), (1233, 10), (232, 15)]
[(617, 10), (619, 10)]
[(1391, 10), (1393, 10), (392, 15)]
[(1393, 10), (1395, 10), (394, 15)]
[(1452, 10), (1454, 10), (453, 15)]
[(75, 10), (77, 10), (1076, 15)]
[(1157, 10), (1159, 10), (158, 15)]
[(806, 10), (808, 10)]
[(1427, 10), (1429, 10), (428, 15)]
[(541, 10), (543, 10), (1542, 15)]
[(1167, 10), (1169, 10), (168, 15)]
[(1528, 10), (1530, 10), (529, 15)]
[(1436, 10), (1438, 10), (437, 15)]
[(628, 10), (630, 10)]
[(862, 10), (864, 10)]
[(163, 10), (165, 10), (1164, 15)]
[(1502, 10), (1504, 10), (503, 15)]
[(768, 10), (770, 10)]
[(48, 10), (50, 10), (1049, 15)]
[(434, 10), (436, 10), (1435, 15)]
[(92, 10), (94, 10), (1093, 15)]
[(365, 10), (367, 10), (1366, 15)]
[(922, 10), (924, 10)]
[(895, 10), (897, 10)]
[(811, 10), (813, 10)]
[(916, 10), (918, 10)]
[(517, 10), (519, 10), (1518, 15)]
[(59, 10), (61, 10), (1060, 15)]
[(375, 10), (377, 10), (1376, 15)]
[(630, 10), (632, 10)]
[(1326, 10), (1328, 10), (327, 15)]
[(1263, 10), (1265, 10), (264, 15)]
[(1398, 10), (1400, 10), (399, 15)]
[(99, 10), (101, 10), (1100, 15)]
[(47, 10), (49, 10), (1048, 15)]
[(198, 10), (200, 10), (1199, 15)]
[(696, 10), (698, 10)]
[(543, 10), (545, 10), (1544, 15)]
[(1010, 10), (1012, 10), (11, 15)]
[(766, 10), (768, 10)]
[(1559, 10), (1561, 10), (560, 15)]
[(187, 10), (189, 10), (1188, 15)]
[(1387, 10), (1389, 10), (388, 15)]
[(1541, 10), (1543, 10), (542, 15)]
[(24, 10), (26, 10), (1025, 15)]
[(1194, 10), (1196, 10), (195, 15)]
[(598, 10), (600, 10), (1599, 15)]
[(1422, 10), (1424, 10), (423, 15)]
[(946, 10), (948, 10)]
[(498, 10), (500, 10), (1499, 15)]
[(943, 10), (945, 10)]
[(1594, 10), (1596, 10), (595, 15)]
[(986, 10), (988, 10)]
[(709, 10), (711, 10)]
[(29, 10), (31, 10), (1030, 15)]
[(437, 10), (439, 10), (1438, 15)]
[(138, 10), (140, 10), (1139, 15)]
[(238, 10), (240, 10), (1239, 15)]
[(235, 10), (237, 10), (1236, 15)]
[(1493, 10), (1495, 10), (494, 15)]
[(520, 10), (522, 10), (1521, 15)]
[(939, 10), (941, 10)]
[(554, 10), (556, 10), (1555, 15)]
[(831, 10), (833, 10)]
[(675, 10), (677, 10)]
[(406, 10), (408, 10), (1407, 15)]
[(144, 10), (146, 10), (1145, 15)]
[(1492, 10), (1494, 10), (493, 15)]
[(1207, 10), (1209, 10), (208, 15)]
[(1550, 10), (1552, 10), (551, 15)]
[(1389, 10), (1391, 10), (390, 15)]
[(553, 10), (555, 10), (1554, 15)]
[(285, 10), (287, 10), (1286, 15)]
[(627, 10), (629, 10)]
[(826, 10), (828, 10)]
[(251, 10), (253, 10), (1252, 15)]
[(201, 10), (203, 10), (1202, 15)]
[(1392, 10), (1394, 10), (393, 15)]
[(947, 10), (949, 10)]
[(478, 10), (480, 10), (1479, 15)]
[(1294, 10), (1296, 10), (295, 15)]
[(324, 10), (326, 10), (1325, 15)]
[(847, 10), (849, 10)]
[(1171, 10), (1173, 10), (172, 15)]
[(90, 10), (92, 10), (1091, 15)]
[(55, 10), (57, 10), (1056, 15)]
[(958, 10), (960, 10)]
[(585, 10), (587, 10), (1586, 15)]
[(3, 10), (5, 10), (1004, 15)]
[(423, 10), (425, 10), (1424, 15)]
[(841, 10), (843, 10)]
[(1487, 10), (1489, 10), (488, 15)]
[(1181, 10), (1183, 10), (182, 15)]
[(1272, 10), (1274, 10), (273, 15)]
[(83, 10), (85, 10), (1084, 15)]
[(448, 10), (450, 10), (1449, 15)]
[(1261, 10), (1263, 10), (262, 15)]
[(590, 10), (592, 10), (1591, 15)]
[(890, 10), (892, 10)]
[(992, 10), (994, 10)]
[(1001, 10), (1003, 10), (2, 15)]
[(299, 10), (301, 10), (1300, 15)]
[(378, 10), (380, 10), (1379, 15)]
[(231, 10), (233, 10), (1232, 15)]
[(341, 10), (343, 10), (1342, 15)]
[(996, 10), (998, 10)]
[(204, 10), (206, 10), (1205, 15)]
[(1304, 10), (1306, 10), (305, 15)]
[(875, 10), (877, 10)]
[(905, 10), (907, 10)]
[(1102, 10), (1104, 10), (103, 15)]
[(874, 10), (876, 10)]
[(742, 10), (744, 10)]
[(609, 10), (611, 10)]
[(868, 10), (870, 10)]
[(449, 10), (451, 10), (1450, 15)]
[(262, 10), (264, 10), (1263, 15)]
[(1590, 10), (1592, 10), (591, 15)]
[(653, 10), (655, 10)]
[(1223, 10), (1225, 10), (224, 15)]
[(392, 10), (394, 10), (1393, 15)]
[(1137, 10), (1139, 10), (138, 15)]
[(878, 10), (880, 10)]
[(1494, 10), (1496, 10), (495, 15)]
[(241, 10), (243, 10), (1242, 15)]
[(579, 10), (581, 10), (1580, 15)]
[(322, 10), (324, 10), (1323, 15)]
[(290, 10), (292, 10), (1291, 15)]
[(678, 10), (680, 10)]
[(1026, 10), (1028, 10), (27, 15)]
[(966, 10), (968, 10)]
[(557, 10), (559, 10), (1558, 15)]
[(931, 10), (933, 10)]
[(796, 10), (798, 10)]
[(93, 10), (95, 10), (1094, 15)]
[(1024, 10), (1026, 10), (25, 15)]
[(1065, 10), (1067, 10), (66, 15)]
[(313, 10), (315, 10), (1314, 15)]
[(226, 10), (228, 10), (1227, 15)]
[(790, 10), (792, 10)]
[(689, 10), (691, 10)]
[(1132, 10), (1134, 10), (133, 15)]
[(69, 10), (71, 10), (1070, 15)]
[(1430, 10), (1432, 10), (431, 15)]
[(1597, 10), (1599, 10), (598, 15)]
[(1208, 10), (1210, 10), (209, 15)]
[(645, 10), (647, 10)]
[(829, 10), (831, 10)]
[(354, 10), (356, 10), (1355, 15)]
[(1055, 10), (1057, 10), (56, 15)]
[(1460, 10), (1462, 10), (461, 15)]
[(268, 10), (270, 10), (1269, 15)]
[(523, 10), (525, 10), (1524, 15)]
[(897, 10), (899, 10)]
[(1271, 10), (1273, 10), (272, 15)]
[(506, 10), (508, 10), (1507, 15)]
[(1362, 10), (1364, 10), (363, 15)]
[(682, 10), (684, 10)]
[(311, 10), (313, 10), (1312, 15)]
[(80, 10), (82, 10), (1081, 15)]
[(861, 10), (863, 10)]
[(501, 10), (503, 10), (1502, 15)]
[(1034, 10), (1036, 10), (35, 15)]
[(121, 10), (123, 10), (1122, 15)]
[(1557, 10), (1559, 10), (558, 15)]
[(256, 10), (258, 10), (1257, 15)]
[(1478, 10), (1480, 10), (479, 15)]
[(308, 10), (310, 10), (1309, 15)]
[(785, 10), (787, 10)]
[(1238, 10), (1240, 10), (239, 15)]
[(1082, 10), (1084, 10), (83, 15)]
[(548, 10), (550, 10), (1549, 15)]
[(567, 10), (569, 10), (1568, 15)]
[(706, 10), (708, 10)]
[(918, 10), (920, 10)]
[(951, 10), (953, 10)]
[(1318, 10), (1320, 10), (319, 15)]
[(1038, 10), (1040, 10), (39, 15)]
[(672, 10), (674, 10)]
[(722, 10), (724, 10)]
[(320, 10), (322, 10), (1321, 15)]
[(1074, 10), (1076, 10), (75, 15)]
[(10, 10), (12, 10), (1011, 15)]
[(538, 10), (540, 10), (1539, 15)]
[(174, 10), (176, 10), (1175, 15)]
[(1419, 10), (1421, 10), (420, 15)]
[(644, 10), (646, 10)]
[(1192, 10), (1194, 10), (193, 15)]
[(79, 10), (81, 10), (1080, 15)]
[(398, 10), (400, 10), (1399, 15)]
[(1347, 10), (1349, 10), (348, 15)]
[(1399, 10), (1401, 10), (400, 15)]
[(1569, 10), (1571, 10), (570, 15)]
[(611, 10), (613, 10)]
[(464, 10), (466, 10), (1465, 15)]
[(961, 10), (963, 10)]
[(1332, 10), (1334, 10), (333, 15)]
[(1483, 10), (1485, 10), (484, 15)]
[(1165, 10), (1167, 10), (166, 15)]
[(508, 10), (510, 10), (1509, 15)]
[(56, 10), (58, 10), (1057, 15)]
[(419, 10), (421, 10), (1420, 15)]
[(1170, 10), (1172, 10), (171, 15)]
[(1154, 10), (1156, 10), (155, 15)]
[(1283, 10), (1285, 10), (284, 15)]
[(954, 10), (956, 10)]
[(312, 10), (314, 10), (1313, 15)]
[(156, 10), (158, 10), (1157, 15)]
[(799, 10), (801, 10)]
[(511, 10), (513, 10), (1512, 15)]
[(1278, 10), (1280, 10), (279, 15)]
[(293, 10), (295, 10), (1294, 15)]
[(1244, 10), (1246, 10), (245, 15)]
[(278, 10), (280, 10), (1279, 15)]
[(1401, 10), (1403, 10), (402, 15)]
[(1279, 10), (1281, 10), (280, 15)]
[(246, 10), (248, 10), (1247, 15)]
[(765, 10), (767, 10)]
[(1575, 10), (1577, 10), (576, 15)]
[(1567, 10), (1569, 10), (568, 15)]
[(167, 10), (169, 10), (1168, 15)]
[(987, 10), (989, 10)]
[(130, 10), (132, 10), (1131, 15)]
[(534, 10), (536, 10), (1535, 15)]
[(784, 10), (786, 10)]
[(1090, 10), (1092, 10), (91, 15)]
[(1296, 10), (1298, 10), (297, 15)]
[(1338, 10), (1340, 10), (339, 15)]
[(1548, 10), (1550, 10), (549, 15)]
[(741, 10), (743, 10)]
[(1229, 10), (1231, 10), (230, 15)]
[(1151, 10), (1153, 10), (152, 15)]
[(798, 10), (800, 10)]
[(1123, 10), (1125, 10), (124, 15)]
[(820, 10), (822, 10)]
[(1342, 10), (1344, 10), (343, 15)]
[(743, 10), (745, 10)]
[(189, 10), (191, 10), (1190, 15)]
[(453, 10), (455, 10), (1454, 15)]
[(12, 10), (14, 10), (1013, 15)]
[(570, 10), (572, 10), (1571, 15)]
[(700, 10), (702, 10)]
[(136, 10), (138, 10), (1137, 15)]
[(1334, 10), (1336, 10), (335, 15)]
[(429, 10), (431, 10), (1430, 15)]
[(258, 10), (260, 10), (1259, 15)]
[(835, 10), (837, 10)]
[(175, 10), (177, 10), (1176, 15)]
[(68, 10), (70, 10), (1069, 15)]
[(1584, 10), (1586, 10), (585, 15)]
[(886, 10), (888, 10)]
[(1190, 10), (1192, 10), (191, 15)]
[(1178, 10), (1180, 10), (179, 15)]
[(487, 10), (489, 10), (1488, 15)]
[(1063, 10), (1065, 10), (64, 15)]
[(971, 10), (973, 10)]
[(804, 10), (806, 10)]
[(1424, 10), (1426, 10), (425, 15)]
[(303, 10), (305, 10), (1304, 15)]
[(676, 10), (678, 10)]
[(135, 10), (137, 10), (1136, 15)]
[(282, 10), (284, 10), (1283, 15)]
[(528, 10), (530, 10), (1529, 15)]
[(499, 10), (501, 10), (1500, 15)]
[(330, 10), (332, 10), (1331, 15)]
[(1009, 10), (1011, 10), (10, 15)]
[(530, 10), (532, 10), (1531, 15)]
[(1057, 10), (1059, 10), (58, 15)]
[(1529, 10), (1531, 10), (530, 15)]
[(643, 10), (645, 10)]
[(247, 10), (249, 10), (1248, 15)]
[(418, 10), (420, 10), (1419, 15)]
[(228, 10), (230, 10), (1229, 15)]
[(1282, 10), (1284, 10), (283, 15)]
[(54, 10), (56, 10), (1055, 15)]
[(353, 10), (355, 10), (1354, 15)]
[(442, 10), (444, 10), (1443, 15)]
[(259, 10), (261, 10), (1260, 15)]
[(1366, 10), (1368, 10), (367, 15)]
[(565, 10), (567, 10), (1566, 15)]
[(1509, 10), (1511, 10), (510, 15)]
[(1381, 10), (1383, 10), (382, 15)]
[(1169, 10), (1171, 10), (170, 15)]
[(1586, 10), (1588, 10), (587, 15)]
[(582, 10), (584, 10), (1583, 15)]
[(1030, 10), (1032, 10), (31, 15)]
[(1504, 10), (1506, 10), (505, 15)]
[(725, 10), (727, 10)]
[(1377, 10), (1379, 10), (378, 15)]
[(213, 10), (215, 10), (1214, 15)]
[(596, 10), (598, 10), (1597, 15)]
[(1048, 10), (1050, 10), (49, 15)]
[(38, 10), (40, 10), (1039, 15)]
[(776, 10), (778, 10)]
[(822, 10), (824, 10)]
[(732, 10), (734, 10)]
[(460, 10), (462, 10), (1461, 15)]
[(830, 10), (832, 10)]
[(116, 10), (118, 10), (1117, 15)]
[(736, 10), (738, 10)]
[(1578, 10), (1580, 10), (579, 15)]
[(1029, 10), (1031, 10), (30, 15)]
[(1475, 10), (1477, 10), (476, 15)]
[(757, 10), (759, 10)]
[(833, 10), (835, 10)]
[(519, 10), (521, 10), (1520, 15)]
[(1091, 10), (1093, 10), (92, 15)]
[(1447, 10), (1449, 10), (448, 15)]
[(1276, 10), (1278, 10), (277, 15)]
[(1084, 10), (1086, 10), (85, 15)]
[(74, 10), (76, 10), (1075, 15)]
[(759, 10), (761, 10)]
[(1319, 10), (1321, 10), (320, 15)]
[(1138, 10), (1140, 10), (139, 15)]
[(82, 10), (84, 10), (1083, 15)]
[(870, 10), (872, 10)]
[(339, 10), (341, 10), (1340, 15)]
[(76, 10), (78, 10), (1077, 15)]
[(302, 10), (304, 10), (1303, 15)]
[(1156, 10), (1158, 10), (157, 15)]
[(479, 10), (481, 10), (1480, 15)]
[(1563, 10), (1565, 10), (564, 15)]
[(510, 10), (512, 10), (1511, 15)]
[(957, 10), (959, 10)]
[(360, 10), (362, 10), (1361, 15)]
[(257, 10), (259, 10), (1258, 15)]
[(1073, 10), (1075, 10), (74, 15)]
[(636, 10), (638, 10)]
[(629, 10), (631, 10)]
[(37, 10), (39, 10), (1038, 15)]
[(608, 10), (610, 10)]
[(977, 10), (979, 10)]
[(13, 10), (15, 10), (1014, 15)]
[(1219, 10), (1221, 10), (220, 15)]
[(1289, 10), (1291, 10), (290, 15)]
[(1080, 10), (1082, 10), (81, 15)]
[(1442, 10), (1444, 10), (443, 15)]
[(304, 10), (306, 10), (1305, 15)]
[(5, 10), (7, 10), (1006, 15)]
[(863, 10), (865, 10)]
[(294, 10), (296, 10), (1295, 15)]
[(649, 10), (651, 10)]
[(967, 10), (969, 10)]
[(66, 10), (68, 10), (1067, 15)]
[(531, 10), (533, 10), (1532, 15)]
[(1317, 10), (1319, 10), (318, 15)]
[(577, 10), (579, 10), (1578, 15)]
[(1350, 10), (1352, 10), (351, 15)]
[(1320, 10), (1322, 10), (321, 15)]
[(1186, 10), (1188, 10), (187, 15)]
[(1525, 10), (1527, 10), (526, 15)]
[(139, 10), (141, 10), (1140, 15)]
[(277, 10), (279, 10), (1278, 15)]
[(1173, 10), (1175, 10), (174, 15)]
[(879, 10), (881, 10)]
[(283, 10), (285, 10), (1284, 15)]
[(120, 10), (122, 10), (1121, 15)]
[(771, 10), (773, 10)]
[(1316, 10), (1318, 10), (317, 15)]
[(551, 10), (553, 10), (1552, 15)]
[(490, 10), (492, 10), (1491, 15)]
[(245, 10), (247, 10), (1246, 15)]
[(1035, 10), (1037, 10), (36, 15)]
[(186, 10), (188, 10), (1187, 15)]
[(88, 10), (90, 10), (1089, 15)]
[(1420, 10), (1422, 10), (421, 15)]
[(1397, 10), (1399, 10), (398, 15)]
[(1573, 10), (1575, 10), (574, 15)]
[(760, 10), (762, 10)]
[(703, 10), (705, 10)]
[(795, 10), (797, 10)]
[(744, 10), (746, 10)]
[(1300, 10), (1302, 10), (301, 15)]
[(1505, 10), (1507, 10), (506, 15)]
[(1463, 10), (1465, 10), (464, 15)]
[(388, 10), (390, 10), (1389, 15)]
[(165, 10), (167, 10), (1166, 15)]
[(317, 10), (319, 10), (1318, 15)]
[(210, 10), (212, 10), (1211, 15)]
[(446, 10), (448, 10), (1447, 15)]
[(182, 10), (184, 10), (1183, 15)]
[(1445, 10), (1447, 10), (446, 15)]
[(882, 10), (884, 10)]
[(1255, 10), (1257, 10), (256, 15)]
[(1235, 10), (1237, 10), (236, 15)]
[(220, 10), (222, 10), (1221, 15)]
[(1566, 10), (1568, 10), (567, 15)]
[(1202, 10), (1204, 10), (203, 15)]
[(1540, 10), (1542, 10), (541, 15)]
[(1130, 10), (1132, 10), (131, 15)]
[(227, 10), (229, 10), (1228, 15)]
[(382, 10), (384, 10), (1383, 15)]
[(1042, 10), (1044, 10), (43, 15)]
[(1155, 10), (1157, 10), (156, 15)]
[(848, 10), (850, 10)]
[(1200, 10), (1202, 10), (201, 15)]
[(1500, 10), (1502, 10), (501, 15)]
[(255, 10), (257, 10), (1256, 15)]
[(692, 10), (694, 10)]
[(361, 10), (363, 10), (1362, 15)]
[(1253, 10), (1255, 10), (254, 15)]
[(693, 10), (695, 10)]
[(300, 10), (302, 10), (1301, 15)]
[(1172, 10), (1174, 10), (173, 15)]
[(1232, 10), (1234, 10), (233, 15)]
[(1037, 10), (1039, 10), (38, 15)]
[(1103, 10), (1105, 10), (104, 15)]
[(168, 10), (170, 10), (1169, 15)]
[(393, 10), (395, 10), (1394, 15)]
[(690, 10), (692, 10)]
[(1379, 10), (1381, 10), (380, 15)]
[(572, 10), (574, 10), (1573, 15)]
[(1416, 10), (1418, 10), (417, 15)]
[(1098, 10), (1100, 10), (99, 15)]
[(250, 10), (252, 10), (1251, 15)]
[(1115, 10), (1117, 10), (116, 15)]
[(1330, 10), (1332, 10), (331, 15)]
[(556, 10), (558, 10), (1557, 15)]
[(1209, 10), (1211, 10), (210, 15)]
[(1023, 10), (1025, 10), (24, 15)]
[(17, 10), (19, 10), (1018, 15)]
[(1060, 10), (1062, 10), (61, 15)]
[(413, 10), (415, 10), (1414, 15)]
[(844, 10), (846, 10)]
[(701, 10), (703, 10)]
[(457, 10), (459, 10), (1458, 15)]
[(102, 10), (104, 10), (1103, 15)]
[(929, 10), (931, 10)]
[(466, 10), (468, 10), (1467, 15)]
[(1110, 10), (1112, 10), (111, 15)]
[(422, 10), (424, 10), (1423, 15)]
[(1349, 10), (1351, 10), (350, 15)]
[(1415, 10), (1417, 10), (416, 15)]
[(1305, 10), (1307, 10), (306, 15)]
[(177, 10), (179, 10), (1178, 15)]
[(203, 10), (205, 10), (1204, 15)]
[(496, 10), (498, 10), (1497, 15)]
[(1314, 10), (1316, 10), (315, 15)]
[(1457, 10), (1459, 10), (458, 15)]
[(468, 10), (470, 10), (1469, 15)]
[(8, 10), (10, 10), (1009, 15)]
[(985, 10), (987, 10)]
[(252, 10), (254, 10), (1253, 15)]
[(301, 10), (303, 10), (1302, 15)]
[(1297, 10), (1299, 10), (298, 15)]
[(753, 10), (755, 10)]
[(612, 10), (614, 10)]
[(145, 10), (147, 10), (1146, 15)]
[(614, 10), (616, 10)]
[(720, 10), (722, 10)]
[(126, 10), (128, 10), (1127, 15)]
[(913, 10), (915, 10)]
[(368, 10), (370, 10), (1369, 15)]
[(1496, 10), (1498, 10), (497, 15)]
[(904, 10), (906, 10)]
[(323, 10), (325, 10), (1324, 15)]
[(1031, 10), (1033, 10), (32, 15)]
[(797, 10), (799, 10)]
[(65, 10), (67, 10), (1066, 15)]
[(202, 10), (204, 10), (1203, 15)]
[(1150, 10), (1152, 10), (151, 15)]
[(107, 10), (109, 10), (1108, 15)]
[(338, 10), (340, 10), (1339, 15)]
[(470, 10), (472, 10), (1471, 15)]
[(199, 10), (201, 10), (1200, 15)]
[(724, 10), (726, 10)]
[(344, 10), (346, 10), (1345, 15)]
[(184, 10), (186, 10), (1185, 15)]
[(1344, 10), (1346, 10), (345, 15)]
[(1358, 10), (1360, 10), (359, 15)]
[(465, 10), (467, 10), (1466, 15)]
[(315, 10), (317, 10), (1316, 15)]
[(767, 10), (769, 10)]
[(975, 10), (977, 10)]
[(1471, 10), (1473, 10), (472, 15)]
[(1248, 10), (1250, 10), (249, 15)]
[(1455, 10), (1457, 10), (456, 15)]
[(488, 10), (490, 10), (1489, 15)]
[(1109, 10), (1111, 10), (110, 15)]
[(337, 10), (339, 10), (1338, 15)]
[(389, 10), (391, 10), (1390, 15)]
[(1353, 10), (1355, 10), (354, 15)]
[(1561, 10), (1563, 10), (562, 15)]
[(854, 10), (856, 10)]
[(1315, 10), (1317, 10), (316, 15)]
[(892, 10), (894, 10)]
[(1070, 10), (1072, 10), (71, 15)]
[(1501, 10), (1503, 10), (502, 15)]
[(1376, 10), (1378, 10), (377, 15)]
[(289, 10), (291, 10), (1290, 15)]
[(110, 10), (112, 10), (1111, 15)]
[(221, 10), (223, 10), (1222, 15)]
[(1560, 10), (1562, 10), (561, 15)]
[(420, 10), (422, 10), (1421, 15)]
[(893, 10), (895, 10)]
[(685, 10), (687, 10)]
[(1081, 10), (1083, 10), (82, 15)]
[(0, 10), (2, 10), (1001, 15)]
[(427, 10), (429, 10), (1428, 15)]
[(1086, 10), (1088, 10), (87, 15)]
[(358, 10), (360, 10), (1359, 15)]
[(514, 10), (516, 10), (1515, 15)]
[(1077, 10), (1079, 10), (78, 15)]
[(1499, 10), (1501, 10), (500, 15)]
[(164, 10), (166, 10), (1165, 15)]
[(1252, 10), (1254, 10), (253, 15)]
[(1579, 10), (1581, 10), (580, 15)]
[(763, 10), (765, 10)]
[(726, 10), (728, 10)]
[(484, 10), (486, 10), (1485, 15)]
[(44, 10), (46, 10), (1045, 15)]
[(1438, 10), (1440, 10), (439, 15)]
[(219, 10), (221, 10), (1220, 15)]
[(1508, 10), (1510, 10), (509, 15)]
[(428, 10), (430, 10), (1429, 15)]
[(631, 10), (633, 10)]
[(600, 10), (602, 10)]
[(817, 10), (819, 10)]
[(113, 10), (115, 10), (1114, 15)]
[(412, 10), (414, 10), (1413, 15)]
[(688, 10), (690, 10)]
[(108, 10), (110, 10), (1109, 15)]
[(665, 10), (667, 10)]
[(1059, 10), (1061, 10), (60, 15)]
[(840, 10), (842, 10)]
[(1270, 10), (1272, 10), (271, 15)]
[(431, 10), (433, 10), (1432, 15)]
[(222, 10), (224, 10), (1223, 15)]
[(568, 10), (570, 10), (1569, 15)]
[(1124, 10), (1126, 10), (125, 15)]
[(605, 10), (607, 10)]
[(1390, 10), (1392, 10), (391, 15)]
[(876, 10), (878, 10)]
[(131, 10), (133, 10), (1132, 15)]
[(1152, 10), (1154, 10), (153, 15)]
[(834, 10), (836, 10)]
[(440, 10), (442, 10), (1441, 15)]
[(1537, 10), (1539, 10), (538, 15)]
[(22, 10), (24, 10), (1023, 15)]
[(1230, 10), (1232, 10), (231, 15)]
[(171, 10), (173, 10), (1172, 15)]
[(819, 10), (821, 10)]
[(818, 10), (820, 10)]
[(1582, 10), (1584, 10), (583, 15)]
[(292, 10), (294, 10), (1293, 15)]
[(827, 10), (829, 10)]
[(1135, 10), (1137, 10), (136, 15)]
[(1484, 10), (1486, 10), (485, 15)]
[(571, 10), (573, 10), (1572, 15)]
[(781, 10), (783, 10)]
[(593, 10), (595, 10), (1594, 15)]
[(169, 10), (171, 10), (1170, 15)]
[(1544, 10), (1546, 10), (545, 15)]
[(1016, 10), (1018, 10), (17, 15)]
[(828, 10), (830, 10)]
[(310, 10), (312, 10), (1311, 15)]
[(1520, 10), (1522, 10), (521, 15)]
[(550, 10), (552, 10), (1551, 15)]
[(1222, 10), (1224, 10), (223, 15)]
[(1437, 10), (1439, 10), (438, 15)]
[(1322, 10), (1324, 10), (323, 15)]
[(1547, 10), (1549, 10), (548, 15)]
[(960, 10), (962, 10)]
[(1357, 10), (1359, 10), (358, 15)]
[(852, 10), (854, 10)]
[(980, 10), (982, 10)]
[(594, 10), (596, 10), (1595, 15)]
[(1211, 10), (1213, 10), (212, 15)]
[(540, 10), (542, 10), (1541, 15)]
[(1551, 10), (1553, 10), (552, 15)]
[(1273, 10), (1275, 10), (274, 15)]
[(32, 10), (34, 10), (1033, 15)]
[(1364, 10), (1366, 10), (365, 15)]
[(1591, 10), (1593, 10), (592, 15)]
[(462, 10), (464, 10), (1463, 15)]
[(161, 10), (163, 10), (1162, 15)]
[(1524, 10), (1526, 10), (525, 15)]
[(432, 10), (434, 10), (1433, 15)]
[(673, 10), (675, 10)]
[(1458, 10), (1460, 10), (459, 15)]
[(761, 10), (763, 10)]
[(1321, 10), (1323, 10), (322, 15)]
[(351, 10), (353, 10), (1352, 15)]
[(907, 10), (909, 10)]
[(148, 10), (150, 10), (1149, 15)]
[(1423, 10), (1425, 10), (424, 15)]
[(1119, 10), (1121, 10), (120, 15)]
[(84, 10), (86, 10), (1085, 15)]
[(1531, 10), (1533, 10), (532, 15)]
[(1363, 10), (1365, 10), (364, 15)]
[(1203, 10), (1205, 10), (204, 15)]
[(864, 10), (866, 10)]
[(982, 10), (984, 10)]
[(634, 10), (636, 10)]
[(384, 10), (386, 10), (1385, 15)]
[(197, 10), (199, 10), (1198, 15)]
[(137, 10), (139, 10), (1138, 15)]
[(1518, 10), (1520, 10), (519, 15)]
[(563, 10), (565, 10), (1564, 15)]
[(1421, 10), (1423, 10), (422, 15)]
[(755, 10), (757, 10)]
[(91, 10), (93, 10), (1092, 15)]
[(1555, 10), (1557, 10), (556, 15)]
[(42, 10), (44, 10), (1043, 15)]
[(1012, 10), (1014, 10), (13, 15)]
[(1598, 10), (599, 15)]
[(1373, 10), (1375, 10), (374, 15)]
[(1184, 10), (1186, 10), (185, 15)]
[(1021, 10), (1023, 10), (22, 15)]
[(964, 10), (966, 10)]
[(1348, 10), (1350, 10), (349, 15)]
[(1425, 10), (1427, 10), (426, 15)]
[(652, 10), (654, 10)]
[(505, 10), (507, 10), (1506, 15)]
[(1388, 10), (1390, 10), (389, 15)]
[(1290, 10), (1292, 10), (291, 15)]
[(748, 10), (750, 10)]
[(1014, 10), (1016, 10), (15, 15)]
[(884, 10), (886, 10)]
[(735, 10), (737, 10)]
[(595, 10), (597, 10), (1596, 15)]
[(670, 10), (672, 10)]
[(762, 10), (764, 10)]
[(410, 10), (412, 10), (1411, 15)]
[(1503, 10), (1505, 10), (504, 15)]
[(728, 10), (730, 10)]
[(880, 10), (882, 10)]
[(1092, 10), (1094, 10), (93, 15)]
[(1329, 10), (1331, 10), (330, 15)]
[(97, 10), (99, 10), (1098, 15)]
[(20, 10), (22, 10), (1021, 15)]
[(802, 10), (804, 10)]
[(574, 10), (576, 10), (1575, 15)]
[(739, 10), (741, 10)]
[(842, 10), (844, 10)]
[(1147, 10), (1149, 10), (148, 15)]
[(1043, 10), (1045, 10), (44, 15)]
[(787, 10), (789, 10)]
[(1293, 10), (1295, 10), (294, 15)]
[(915, 10), (917, 10)]
[(1558, 10), (1560, 10), (559, 15)]
[(30, 10), (32, 10), (1031, 15)]
[(1099, 10), (1101, 10), (100, 15)]
[(291, 10), (293, 10), (1292, 15)]
[(773, 10), (775, 10)]
[(1325, 10), (1327, 10), (326, 15)]
[(1414, 10), (1416, 10), (415, 15)]
[(1295, 10), (1297, 10), (296, 15)]
[(172, 10), (174, 10), (1173, 15)]
[(176, 10), (178, 10), (1177, 15)]
[(1028, 10), (1030, 10), (29, 15)]
[(1256, 10), (1258, 10), (257, 15)]
[(89, 10), (91, 10), (1090, 15)]
[(1523, 10), (1525, 10), (524, 15)]
[(599, 10), (601, 10)]
[(800, 10), (802, 10)]
[(281, 10), (283, 10), (1282, 15)]
[(122, 10), (124, 10), (1123, 15)]
[(1193, 10), (1195, 10), (194, 15)]
[(181, 10), (183, 10), (1182, 15)]
[(387, 10), (389, 10), (1388, 15)]
[(1189, 10), (1191, 10), (190, 15)]
[(397, 10), (399, 10), (1398, 15)]
[(157, 10), (159, 10), (1158, 15)]
[(615, 10), (617, 10)]
[(1479, 10), (1481, 10), (480, 15)]
[(721, 10), (723, 10)]
[(1571, 10), (1573, 10), (572, 15)]
[(385, 10), (387, 10), (1386, 15)]
[(1468, 10), (1470, 10), (469, 15)]
[(533, 10), (535, 10), (1534, 15)]
[(1515, 10), (1517, 10), (516, 15)]
[(1476, 10), (1478, 10), (477, 15)]
[(1441, 10), (1443, 10), (442, 15)]
[(264, 10), (266, 10), (1265, 15)]
[(555, 10), (557, 10), (1556, 15)]
[(738, 10), (740, 10)]
[(914, 10), (916, 10)]
[(1047, 10), (1049, 10), (48, 15)]
[(386, 10), (388, 10), (1387, 15)]
[(1365, 10), (1367, 10), (366, 15)]
[(1299, 10), (1301, 10), (300, 15)]
[(477, 10), (479, 10), (1478, 15)]
[(183, 10), (185, 10), (1184, 15)]
[(729, 10), (731, 10)]
[(405, 10), (407, 10), (1406, 15)]
[(474, 10), (476, 10), (1475, 15)]
[(1583, 10), (1585, 10), (584, 15)]
[(921, 10), (923, 10)]
[(345, 10), (347, 10), (1346, 15)]
[(461, 10), (463, 10), (1462, 15)]
[(1095, 10), (1097, 10), (96, 15)]
[(1459, 10), (1461, 10), (460, 15)]
[(1432, 10), (1434, 10), (433, 15)]
[(1066, 10), (1068, 10), (67, 15)]
[(72, 10), (74, 10), (1073, 15)]
[(867, 10), (869, 10)]
[(583, 10), (585, 10), (1584, 15)]
[(217, 10), (219, 10), (1218, 15)]
[(522, 10), (524, 10), (1523, 15)]
[(1111, 10), (1113, 10), (112, 15)]
[(1257, 10), (1259, 10), (258, 15)]
[(978, 10), (980, 10)]
[(185, 10), (187, 10), (1186, 15)]
[(1488, 10), (1490, 10), (489, 15)]
[(417, 10), (419, 10), (1418, 15)]
[(1022, 10), (1024, 10), (23, 15)]
[(269, 10), (271, 10), (1270, 15)]
[(991, 10), (993, 10)]
[(81, 10), (83, 10), (1082, 15)]
[(362, 10), (364, 10), (1363, 15)]
[(1564, 10), (1566, 10), (565, 15)]
[(46, 10), (48, 10), (1047, 15)]
[(1104, 10), (1106, 10), (105, 15)]
[(1225, 10), (1227, 10), (226, 15)]
[(838, 10), (840, 10)]
[(1, 10), (3, 10), (1002, 15)]
[(500, 10), (502, 10), (1501, 15)]
[(307, 10), (309, 10), (1308, 15)]
[(194, 10), (196, 10), (1195, 15)]
[(94, 10), (96, 10), (1095, 15)]
[(1233, 10), (1235, 10), (234, 15)]
[(9, 10), (11, 10), (1010, 15)]
[(1490, 10), (1492, 10), (491, 15)]
[(853, 10), (855, 10)]
[(1134, 10), (1136, 10), (135, 15)]
[(1143, 10), (1145, 10), (144, 15)]
[(956, 10), (958, 10)]
[(997, 10), (999, 10)]
[(1346, 10), (1348, 10), (347, 15)]
[(664, 10), (666, 10)]
[(616, 10), (618, 10)]
[(769, 10), (771, 10)]
[(1530, 10), (1532, 10), (531, 15)]
[(471, 10), (473, 10), (1472, 15)]
[(749, 10), (751, 10)]
[(1292, 10), (1294, 10), (293, 15)]
[(318, 10), (320, 10), (1319, 15)]
[(1204, 10), (1206, 10), (205, 15)]
[(51, 10), (53, 10), (1052, 15)]
[(718, 10), (720, 10)]
[(1472, 10), (1474, 10), (473, 15)]
[(359, 10), (361, 10), (1360, 15)]
[(537, 10), (539, 10), (1538, 15)]
[(160, 10), (162, 10), (1161, 15)]
[(794, 10), (796, 10)]
[(1301, 10), (1303, 10), (302, 15)]
[(902, 10), (904, 10)]
[(851, 10), (853, 10)]
[(240, 10), (242, 10), (1241, 15)]
[(159, 10), (161, 10), (1160, 15)]
[(746, 10), (748, 10)]
[(658, 10), (660, 10)]
[(873, 10), (875, 10)]
[(1125, 10), (1127, 10), (126, 15)]
[(562, 10), (564, 10), (1563, 15)]
[(491, 10), (493, 10), (1492, 15)]
[(233, 10), (235, 10), (1234, 15)]
[(1112, 10), (1114, 10), (113, 15)]
[(77, 10), (79, 10), (1078, 15)]
[(1481, 10), (1483, 10), (482, 15)]
[(237, 10), (239, 10), (1238, 15)]
[(1280, 10), (1282, 10), (281, 15)]
[(6, 10), (8, 10), (1007, 15)]
[(1535, 10), (1537, 10), (536, 15)]
[(981, 10), (983, 10)]
[(731, 10), (733, 10)]
[(887, 10), (889, 10)]
[(1011, 10), (1013, 10), (12, 15)]
[(1552, 10), (1554, 10), (553, 15)]
[(764, 10), (766, 10)]
[(489, 10), (491, 10), (1490, 15)]
[(395, 10), (397, 10), (1396, 15)]
[(1148, 10), (1150, 10), (149, 15)]
[(212, 10), (214, 10), (1213, 15)]
[(87, 10), (89, 10), (1088, 15)]
[(1131, 10), (1133, 10), (132, 15)]
[(1450, 10), (1452, 10), (451, 15)]
[(62, 10), (64, 10), (1063, 15)]
[(1036, 10), (1038, 10), (37, 15)]
[(1485, 10), (1487, 10), (486, 15)]
[(1368, 10), (1370, 10), (369, 15)]
[(415, 10), (417, 10), (1416, 15)]
[(1333, 10), (1335, 10), (334, 15)]
[(1298, 10), (1300, 10), (299, 15)]
[(1408, 10), (1410, 10), (409, 15)]
[(740, 10), (742, 10)]
[(309, 10), (311, 10), (1310, 15)]
[(1574, 10), (1576, 10), (575, 15)]
[(1003, 10), (1005, 10), (4, 15)]
[(584, 10), (586, 10), (1585, 15)]
[(1275, 10), (1277, 10), (276, 15)]
[(166, 10), (168, 10), (1167, 15)]
